{
  "Use Non-ASCII Font" : false,
  "Tags" : [

  ],
  "Ansi 12 Color" : {
    "Red Component" : 0.4862745,
    "Color Space" : "sRGB",
    "Blue Component" : 0.76078429999999997,
    "Green Component" : 0.68627450000000001
  },
  "Ansi 7 Color" : {
    "Red Component" : 0.84705883000000004,
    "Color Space" : "sRGB",
    "Blue Component" : 0.84705883000000004,
    "Green Component" : 0.84705883000000004
  },
  "Draw Powerline Glyphs" : true,
  "Bold Color" : {
    "Red Component" : 0.84705883000000004,
    "Color Space" : "sRGB",
    "Blue Component" : 0.84705883000000004,
    "Green Component" : 0.84705883000000004
  },
  "Ansi 8 Color" : {
    "Red Component" : 0.34509804999999999,
    "Color Space" : "sRGB",
    "Blue Component" : 0.34509804999999999,
    "Green Component" : 0.34509804999999999
  },
  "Ansi 9 Color" : {
    "Red Component" : 0.67058825,
    "Color Space" : "sRGB",
    "Blue Component" : 0.25882354000000002,
    "Green Component" : 0.27450982000000002
  },
  "Ansi 4 Color" : {
    "Red Component" : 0.4862745,
    "Color Space" : "sRGB",
    "Blue Component" : 0.76078429999999997,
    "Green Component" : 0.68627450000000001
  },
  "Rows" : 25,
  "Default Bookmark" : "No",
  "Right Option Key Sends" : 0,
  "Cursor Guide Color" : {
    "Red Component" : 0.70214027166366577,
    "Color Space" : "sRGB",
    "Blue Component" : 1,
    "Alpha Component" : 0.25,
    "Green Component" : 0.92681378126144409
  },
  "Non-ASCII Anti Aliased" : true,
  "Use Bright Bold" : true,
  "Ansi 10 Color" : {
    "Red Component" : 0.63137259999999995,
    "Color Space" : "sRGB",
    "Blue Component" : 0.42352941999999999,
    "Green Component" : 0.70980394000000002
  },
  "Use Cursor Guide" : false,
  "Ambiguous Double Width" : false,
  "Jobs to Ignore" : [
    "rlogin",
    "ssh",
    "slogin",
    "telnet"
  ],
  "Ansi 15 Color" : {
    "Red Component" : 0.972549,
    "Color Space" : "sRGB",
    "Blue Component" : 0.972549,
    "Green Component" : 0.972549
  },
  "Foreground Color" : {
    "Red Component" : 0.84705883000000004,
    "Color Space" : "sRGB",
    "Blue Component" : 0.84705883000000004,
    "Green Component" : 0.84705883000000004
  },
  "Working Directory" : "\/Users\/andrew",
  "Blinking Cursor" : false,
  "Disable Window Resizing" : true,
  "Sync Title" : false,
  "Prompt Before Closing 2" : false,
  "BM Growl" : true,
  "Mouse Reporting" : true,
  "Command" : "",
  "Description" : "Default",
  "Smart Cursor Color" : false,
  "Screen" : -1,
  "Selection Color" : {
    "Red Component" : 0.21960784,
    "Color Space" : "sRGB",
    "Blue Component" : 0.21960784,
    "Green Component" : 0.21960784
  },
  "Initial Use Transparency" : false,
  "Columns" : 80,
  "Idle Code" : 0,
  "Ansi 13 Color" : {
    "Red Component" : 0.72941180000000005,
    "Color Space" : "sRGB",
    "Blue Component" : 0.68627450000000001,
    "Green Component" : 0.54509806999999999
  },
  "Custom Command" : "No",
  "ASCII Anti Aliased" : true,
  "Non Ascii Font" : "Monaco 12",
  "Vertical Spacing" : 1,
  "Use Bold Font" : true,
  "Option Key Sends" : 0,
  "Selected Text Color" : {
    "Red Component" : 0.84705883000000004,
    "Color Space" : "sRGB",
    "Blue Component" : 0.84705883000000004,
    "Green Component" : 0.84705883000000004
  },
  "Background Color" : {
    "Red Component" : 0.094117649999999997,
    "Color Space" : "sRGB",
    "Blue Component" : 0.094117649999999997,
    "Green Component" : 0.094117649999999997
  },
  "Character Encoding" : 4,
  "Ansi 11 Color" : {
    "Red Component" : 0.96862744999999995,
    "Color Space" : "sRGB",
    "Blue Component" : 0.53333335999999998,
    "Green Component" : 0.79215690000000005
  },
  "Use Italic Font" : true,
  "Unlimited Scrollback" : false,
  "Keyboard Map" : {
    "0xf728-0x80000" : {
      "Action" : 10,
      "Text" : "d"
    },
    "0xf702-0x280000" : {
      "Action" : 10,
      "Text" : "b"
    },
    "0xf70d-0x20000" : {
      "Action" : 10,
      "Text" : "[21;2~"
    },
    "0x7f-0x80000" : {
      "Action" : 11,
      "Text" : "0x1b 0x7f"
    },
    "0xf708-0x20000" : {
      "Action" : 10,
      "Text" : "[15;2~"
    },
    "0x33-0x40000" : {
      "Action" : 11,
      "Text" : "0x1b"
    },
    "0xf703-0x260000" : {
      "Action" : 10,
      "Text" : "[1;6C"
    },
    "0xf729-0x20000" : {
      "Action" : 10,
      "Text" : "[1;2H"
    },
    "0xf702-0x260000" : {
      "Action" : 10,
      "Text" : "[1;6D"
    },
    "0x38-0x40000" : {
      "Action" : 11,
      "Text" : "0x7f"
    },
    "0xf72b-0x40000" : {
      "Action" : 10,
      "Text" : "[1;5F"
    },
    "0xf70c-0x20000" : {
      "Action" : 10,
      "Text" : "[20;2~"
    },
    "0xf701-0x260000" : {
      "Action" : 10,
      "Text" : "[1;6B"
    },
    "0x32-0x40000" : {
      "Action" : 11,
      "Text" : "0x00"
    },
    "0xf707-0x20000" : {
      "Action" : 10,
      "Text" : "[1;2S"
    },
    "0xf703-0x240000" : {
      "Action" : 10,
      "Text" : "[1;5C"
    },
    "0xf700-0x260000" : {
      "Action" : 10,
      "Text" : "[1;6A"
    },
    "0xf702-0x240000" : {
      "Action" : 10,
      "Text" : "[1;5D"
    },
    "0xf703-0x300000" : {
      "Action" : 11,
      "Text" : "0x5"
    },
    "0x37-0x40000" : {
      "Action" : 11,
      "Text" : "0x1f"
    },
    "0x3-0x200000" : {
      "Action" : 11,
      "Text" : "0xd"
    },
    "0xf701-0x240000" : {
      "Action" : 10,
      "Text" : "[1;5B"
    },
    "0xf702-0x300000" : {
      "Action" : 11,
      "Text" : "0x1"
    },
    "0xf703-0x220000" : {
      "Action" : 10,
      "Text" : "[1;2C"
    },
    "0xf739-0x0" : {
      "Action" : 13,
      "Text" : ""
    },
    "0xf70b-0x20000" : {
      "Action" : 10,
      "Text" : "[19;2~"
    },
    "0xf728-0x0" : {
      "Action" : 11,
      "Text" : "0x4"
    },
    "0xf706-0x20000" : {
      "Action" : 10,
      "Text" : "[1;2R"
    },
    "0xf700-0x240000" : {
      "Action" : 10,
      "Text" : "[1;5A"
    },
    "0xf702-0x220000" : {
      "Action" : 10,
      "Text" : "[1;2D"
    },
    "0x36-0x40000" : {
      "Action" : 11,
      "Text" : "0x1e"
    },
    "0xf70f-0x20000" : {
      "Action" : 10,
      "Text" : "[24;2~"
    },
    "0xf701-0x220000" : {
      "Action" : 10,
      "Text" : "[1;2B"
    },
    "0xf70a-0x20000" : {
      "Action" : 10,
      "Text" : "[18;2~"
    },
    "0xf729-0x40000" : {
      "Action" : 10,
      "Text" : "[1;5H"
    },
    "0xf72b-0x20000" : {
      "Action" : 10,
      "Text" : "[1;2F"
    },
    "0xf700-0x220000" : {
      "Action" : 10,
      "Text" : "[1;2A"
    },
    "0x30-0x200000" : {
      "Action" : 12,
      "Text" : "0"
    },
    "0xf705-0x20000" : {
      "Action" : 10,
      "Text" : "[1;2Q"
    },
    "0x31-0x200000" : {
      "Action" : 12,
      "Text" : "1"
    },
    "0x33-0x200000" : {
      "Action" : 12,
      "Text" : "3"
    },
    "0x35-0x40000" : {
      "Action" : 11,
      "Text" : "0x1d"
    },
    "0x34-0x200000" : {
      "Action" : 12,
      "Text" : "4"
    },
    "0x32-0x200000" : {
      "Action" : 12,
      "Text" : "2"
    },
    "0x35-0x200000" : {
      "Action" : 12,
      "Text" : "5"
    },
    "0x36-0x200000" : {
      "Action" : 12,
      "Text" : "6"
    },
    "0x37-0x200000" : {
      "Action" : 12,
      "Text" : "7"
    },
    "0x2d-0x40000" : {
      "Action" : 11,
      "Text" : "0x1f"
    },
    "0x38-0x200000" : {
      "Action" : 12,
      "Text" : "8"
    },
    "0x2a-0x200000" : {
      "Action" : 12,
      "Text" : "*"
    },
    "0x39-0x200000" : {
      "Action" : 12,
      "Text" : "9"
    },
    "0x2b-0x200000" : {
      "Action" : 12,
      "Text" : "+"
    },
    "0xf70e-0x20000" : {
      "Action" : 10,
      "Text" : "[23;2~"
    },
    "0x2e-0x200000" : {
      "Action" : 12,
      "Text" : "."
    },
    "0x2d-0x200000" : {
      "Action" : 12,
      "Text" : "-"
    },
    "0xf709-0x20000" : {
      "Action" : 10,
      "Text" : "[17;2~"
    },
    "0x7f-0x100000" : {
      "Action" : 11,